project;merge commit;textual conflict
voldemort;aa51b0bd36d8a016fbf5be9244a8ba28b1b64fe8;false
voldemort;a754f35130974b016240a8f7c4c6931de414d277;false
voldemort;b1363b2b63219a0cb71d67e6f2549cb46f484593;false
voldemort;36016bcd71a28ea099735e009a742a2681f18f2c;false
voldemort;7a7c8fbc84f71a35c5170f553131d2ff6c40e9b8;false
voldemort;f7569b15589b472ee67b29e2d21702c6b2a48245;false
voldemort;97289e6a7930302ef6a77937ba943748d2171db9;false
voldemort;90c0b5ff8c07ad75a5bce790a2392a944644b41d;false
voldemort;41bf1dbc5482de812a69ee5511a8271dc9e51751;false
voldemort;eb5d559c0887281a6a5ae2d7af717adac00bde1a;false
voldemort;abfe4065676d6bd4fbea9209db0253d274d46345;false
voldemort;8c6d25d64ba1f090a0eac772ed636b7e6d12ff7f;false
voldemort;be12a285a740b92c9b1f0e60aafc225e2f4b7076;true
voldemort;a95260a15ca55d3f57bd2b4e9fde650d59316870;false
voldemort;1b895b2c696d67cdca05fb34125b6f90405d906c;false
voldemort;0aa7f4273115593d1ecd08d85be757b3dde75c8d;false
voldemort;958f8cb642db40051a58f194757182ff00f4a714;true
voldemort;8e088b98d72838606656cd543dfe74f157fe0d7b;false
voldemort;a1fa2f643e9bfff7971e74c70de9557d0fdcdc23;false
voldemort;e5e5a2e16350bbb661e22678f103121c7f920a07;false
voldemort;0f5c074994e40b489f92f251f739a34918649805;false
voldemort;491863359fac1b2c67fe6c1a719ef4c1f569c22d;true
voldemort;e8ec37b8db1f5067056ac2fafd797be2d0003a6d;false
voldemort;31573577a702a7cff6c387ab7d6958e3de4a8965;false
voldemort;9551750fea6b63e2b10112748bf46418bb5d9a87;false
voldemort;50f243fb50086f2b0c20e3b3c27bc599fbd9cb74;false
voldemort;e03c9891df4d93dd94d53b99e64cec15a6f95eb8;false
voldemort;77f7075085932c2b0b4109217495466db53f1c55;false
voldemort;f3cd4f9fef530b4f10cbad1b4c884be2b551ee9b;true
voldemort;3b1167429f956d7a18434ac18398d949dfffaa5f;false
voldemort;2150b1d6d89ae91e85a3e85d4452a369a8e214fe;false
voldemort;f5628c4d35434f42379bc9c8cd57907c2c6cb26f;true
voldemort;c3cda506b04af213b7b5e4066d006ae3df3ea207;false
voldemort;a69271a3883991282937eaed70486986fc2ed5b8;false
voldemort;2ac361e5caf6843fecd1fcc2aac42affb40f8886;false
voldemort;02420ab2e76d0d1aeda60a762ee3256ebf51bcfd;true
voldemort;c3b8777e5efb1bd7c52964903d20fd8076fc0de7;true
voldemort;9ed2ae80ee6bd6c9f0260f262937f4fbff8e61b1;false
voldemort;2f32c9ac8939bb3fb285824fb984127e23b01435;false
voldemort;69ae69e896350d636770dedc404f76f9a433c238;false
voldemort;2423a4ebb810f85ffa7062a3b18ab1f90f94b708;false
voldemort;f2e82d408c1294144931a37bef70ac4f7982f2f3;false
voldemort;65b484f6ed25d0271b4df4dde869524890288128;false
voldemort;b648fbadb7de13323256dca3f09d75f71bad3ded;true
voldemort;ee0c4750113e19449a0627a10bcb37e36480311a;false
voldemort;5608a20056e5aa1ef050219d0372724e7c57f6f0;false
voldemort;dbdf05c48bc3883d2c979b932688c013777c6163;false
voldemort;a54a944c785da471d8e9f053b26e535dd88dd619;false
voldemort;717153c5b522ea8bcae43b08af0b21f5c5247a44;false
voldemort;2601ab713f842107e0d50c85231920f4ce75c142;false
voldemort;1860e5b1dcd4eac62de452f4cb484f1a1d231cbf;true
voldemort;ad0a6b220460ef3d2806d2e631588598a0b268a5;false
voldemort;6e128c00014e9691cebc89b4846155f26df70f6d;false
voldemort;f6ce39527300b4fdf21a4c7d00d81994d69e1be8;false
voldemort;988643f795a43d5b53cf672c1a6309d23e8505ed;false
voldemort;26678f25ab4fb3c397f6d6b7790929c5bd61de0a;false
voldemort;2f4f886a39e0ceb59caa209798547e82e62be138;false
voldemort;52c3fa138c1c852cf15fb054b0aeef0edfb1f680;false
voldemort;02513d5536743a46864de0d5b2c9e6a2469fd7cc;false
voldemort;b01a8b2e5fa444da6733b3ac457e04908871ae3c;false
voldemort;97e03a769c35a102189b762b7d058d477a25387e;false
voldemort;8ac86e21df8e6d1b142bf85941435bd8cbe32e25;false
voldemort;0c46f672d25479c46e9f5be10367da0966e6f69c;false
voldemort;045adf6060dbe9062c40cb6bf9cb046c30c713d9;false
voldemort;57d028319e860fe162733071fd172f2d6384bd91;false
voldemort;3a5713a56b3d5cfd333ff76bb6bc0d3ac8172e9d;false
voldemort;1f0db5f73a2b0cd4bcedc5e9077f201f038abfe3;true
voldemort;9702607f6213cf072715080ff7e08eccb4fad3cc;true
voldemort;d72e37fbaae213f01047cf9598e63b7c3f286848;false
voldemort;bcf4b413b41005416449852f5610f9185a260bfc;true
voldemort;3ac79466607482b230458966beb5ba16570d0501;false
voldemort;d58eff0cb0fcf1b0e5ca458d11207c52790ef869;false
voldemort;8bea392a5ffd60b9928527e2789696bf1b9fb545;false
voldemort;6040ffcc5de204fabcf6094d1a404bb2f4a405a4;true
voldemort;e5a49a216badbe7bbc445ae94d48e653f23e488d;true
voldemort;eb5dcb6e37dafec11eada9fed2aa315787c8f770;false
voldemort;494d49bd1ff40d6f215c8257abb9b4a3fc61286c;false
voldemort;807f833baa6c49cf00e770f4fe587ee90beda839;false
voldemort;e05eaaff999cc2f063a8af2626e1ff2657b54de1;false
voldemort;3b5c3c22538b7832dc4eda96c0f6747eb67dcfe2;false
voldemort;6e74d62a8e52f60cdfc5a2eefd49bf2306a7587c;false
voldemort;36575a5fcedc8c1f32033b23c7a23d9584b7665b;false
voldemort;bdc4b8e355d86adc87f528a86631a1dbcf73da6d;false
voldemort;88bd65909b82b75247ce50f1f7cb12d3cd9e3c50;false
voldemort;8b21714c693bb971f075162d4bbbf24102600aae;false
voldemort;25ddea3ffc1f2931b5a3e11bc0f33144d6330cd6;true
voldemort;2c25d84381f661833d9bbbb476fe155f253f39cd;true
voldemort;ddbba4da458264f7bdcbae30443321ca86a283d1;false
voldemort;3fbd3d8411a8562fbbb868167d6ca1548e852d8c;false
voldemort;caebc54db970b68146908f769a71cde06a812bbb;false
voldemort;a7a33b41f1894614e79794dfc72edf8a3892550e;false
voldemort;2925d6a14647a07890f831c4111571b00712b035;true
voldemort;2a5c69145fb62d2ce0f47aac1233e98b8336827e;true
voldemort;fe5614bea5b74ff403b13eab2b38167f0f492883;false
voldemort;09621045844f27142007fa0f00f94dc687e9714c;false
voldemort;d4e8ace265de9349749c7bf837dc6bc1a13b5dc8;false
voldemort;b166e2c16c706c8efeef000f55def76bc46a1b6b;false
voldemort;ab97723dc2045d3b4267838df239fae843770bd0;true
voldemort;969bc6b4559c617126f031499871dd09311c86c7;false
voldemort;51284f24a7649a022e8e2c3b2475d16e471f9f1f;false
voldemort;470f60ecfbc13f49b1979dc72a31084bfb185f7f;false
voldemort;afae7fb3f4cbbfedd3732786c75f4a52c7381df9;true
voldemort;a0b1171b72c791219425aeced879d721a6a6ccf7;false
voldemort;c5e1e4e6accfb8a0b8934f5dd31a02e51e149048;true
voldemort;af8bca85cf339c8f57eddb69f0e949119eb99189;false
voldemort;68146711094a1da5717857f181784926c1e6b9a6;true
voldemort;e70d73e5e101553d1bd3e086b1277ca700e12559;false
voldemort;a349dc2661b083652183c2d54eeee838d39135c2;false
